<?xml version="1.0" encoding="UTF-8"?>
<ActivityGraph xmlns="http://soa.com/uri/products/activity/graph/xsd/1.0"><PositionElements><Position ActivityName="GetListofAccounts"><XPosition>116</XPosition><YPosition>91</YPosition></Position><Position ActivityName="Branch1"><XPosition>120</XPosition><YPosition>220</YPosition></Position><Position ActivityName="GetListofFolders"><XPosition>110</XPosition><YPosition>350</YPosition></Position><Position ActivityName="Branch2"><XPosition>120</XPosition><YPosition>480</YPosition></Position><Position ActivityName="GetListofEmails"><XPosition>110</XPosition><YPosition>590</YPosition></Position><Position ActivityName="Branch3"><XPosition>120</XPosition><YPosition>710</YPosition></Position><Position ActivityName="GetEmailContent"><XPosition>110</XPosition><YPosition>830</YPosition></Position><Position ActivityName="Branch4"><XPosition>120</XPosition><YPosition>980</YPosition></Position><Position ActivityName="CreateFinalResponse"><XPosition>110</XPosition><YPosition>1090</YPosition></Position><Position ActivityName="NoContent"><XPosition>310</XPosition><YPosition>980</YPosition></Position><Position ActivityName="NoEmails"><XPosition>300</XPosition><YPosition>710</YPosition></Position><Position ActivityName="NoFolders"><XPosition>300</XPosition><YPosition>480</YPosition></Position><Position ActivityName="noEmailAccounts"><XPosition>300</XPosition><YPosition>220</YPosition></Position></PositionElements></ActivityGraph>