<?xml version="1.0" encoding="UTF-8"?>
<process name="SalesForceOAuth" ns11:description="make call to context.io to get the list of emails in the first folder for the first email account" ns11:name="GetEmailListRequest" ns11:orgKey="uddi:6e72f0d1-d2a9-11e4-8003-a8d0c27338fa" ns2:processKey="bpel:49bd1809-d2aa-11e4-8003-a8d0c27338fa" targetNamespace="http://soa.com/processs" xmlns="http://schemas.xmlsoap.org/ws/2003/03/business-process/" xmlns:ns10="http://soa.com/capabilities/service/virtualization/bpel/activity" xmlns:ns11="http://soa.com/bpel/export" xmlns:ns2="http://soa.com/bpel/ext" xmlns:ns3="http://soa.com/capabilities/service/virtualization/bpel" xmlns:ns4="http://schemas.xmlsoap.org/ws/2006/02/addressingidentity" xmlns:ns5="http://www.w3.org/2000/09/xmldsig#" xmlns:ns6="http://docs.oasis-open.org/wss/2004/01/oasis-200401-wss-wssecurity-secext-1.0.xsd" xmlns:ns7="http://docs.oasis-open.org/wss/2004/01/oasis-200401-wss-wssecurity-utility-1.0.xsd" xmlns:ns8="http://schemas.xmlsoap.org/ws/2004/09/mex" xmlns:ns9="http://schemas.xmlsoap.org/ws/2003/05/partner-link/"><ns9:partnerLinkType name="ActivityPortTypeConsumer"><ns9:role name="Consumer"><ns9:portType name="ns10:ActivityPortType"/></ns9:role></ns9:partnerLinkType><ns10:Activities><ns10:Activity ActivityType="ns12:ScriptedActivity" LastUpdated="1428992984733" Name="CreateRequest" xmlns:ns12="http://soa.com/uri/products/activity/script/xsd/1.0"><ns2:ScriptedActivity xmlns="http://soa.com/uri/products/activity/audit/xsd/1.0" xmlns:ns11="http://soa.com/uri/products/activity/script/xsd/1.0" xmlns:ns2="http://soa.com/uri/products/activity/script/xsd/1.0" xmlns:ns3="http://soa.com/uri/products/activity/stripxml/xsd/1.0" xmlns:ns4="http://soa.com/uri/products/activity/xform/xsd/1.0" xmlns:ns5="http://soa.com/uri/products/activity/process/xsd/1.0" xmlns:ns6="http://soa.com/uri/products/activity/insertxml/xsd/1.0" xmlns:ns7="http://soa.com/uri/products/activity/insertcontent/xsd/1.0"><ns11:Language>js</ns11:Language><ns11:Script>// *************************************************************
// *************************************************************
// **
// **  Get the List of used cells in your worksheet
// **
// **  Create a query message object to call the Google Sheets
// **  API Hook to get the list of used cells in your worksheet
// **
// *************************************************************
// *************************************************************
auditLog.debug("Start Config List emails call");

var emailRequest = msgFactory.create();
var headers = emailRequest.createTransportHeaders();

//set the URL parms
var paraprop = new java.util.HashMap();
paraprop.put("id", processContext.getVariable("EmailAccountKey"));
paraprop.put("label", "0");
paraprop.put("folder", processContext.getVariable("FolderKey"));
emailRequest.setProperty("http.binding.path.params", paraprop);

processContext.setVariable("EmailRequest", emailRequest);

auditLog.debug("Done Configuring List emails call");
</ns11:Script><ns11:Import>script:cab432a2-a4f4-11e4-8c33-f78776b6b53c</ns11:Import></ns2:ScriptedActivity></ns10:Activity><ns10:Activity ActivityType="ns12:ScriptedActivity" LastUpdated="1428992984734" Name="SaveEmailKey" xmlns:ns12="http://soa.com/uri/products/activity/script/xsd/1.0"><ns2:ScriptedActivity xmlns="http://soa.com/uri/products/activity/audit/xsd/1.0" xmlns:ns11="http://soa.com/uri/products/activity/script/xsd/1.0" xmlns:ns2="http://soa.com/uri/products/activity/script/xsd/1.0" xmlns:ns3="http://soa.com/uri/products/activity/stripxml/xsd/1.0" xmlns:ns4="http://soa.com/uri/products/activity/xform/xsd/1.0" xmlns:ns5="http://soa.com/uri/products/activity/process/xsd/1.0" xmlns:ns6="http://soa.com/uri/products/activity/insertxml/xsd/1.0" xmlns:ns7="http://soa.com/uri/products/activity/insertcontent/xsd/1.0"><ns11:Language>js</ns11:Language><ns11:Script>// *************************************************************
// *************************************************************
// **
// **  Save the response for later processing
// **
// **
// *************************************************************
// *************************************************************
auditLog.debug("processing the Email list result");

var emailResponse = processContext.getVariable("EmailResponse");
var atom = JSON.parse(emailResponse.getContentAsString());

if (undefined != atom){
	auditLog.debug("the first email key is = " + atom[0].message_id);
	var emailKey = atom[0].message_id;
	processContext.setVariable("EmailKey", emailKey);
	auditLog.debug("the first Email Key is = " + emailKey);
}
else {
	processContext.setVariable("EmailKey", "0");
	auditLog.debug("the first Email Key is = " + "0");
}

auditLog.debug("Finished processing the Email list result");
</ns11:Script></ns2:ScriptedActivity></ns10:Activity></ns10:Activities><ns9:partnerLinkType name="SalesforceAuthentication_PortTypeConsumer"><ns9:role name="Consumer"><ns9:portType name="ns12:SalesforceAuthentication_PortType" xmlns:ns12="https://login.salesforce.com/services/oauth2"/></ns9:role></ns9:partnerLinkType><ns9:partnerLinkType name="SalesforceV20_API_PortTypeConsumer"><ns9:role name="Consumer"><ns9:portType name="ns12:SalesforceV20_API_PortType" xmlns:ns12="https://na4.salesforce.com/services/data/v20.0/"/></ns9:role></ns9:partnerLinkType><ns9:partnerLinkType name="Box_Content_API_PortTypeConsumer"><ns9:role name="Consumer"><ns9:portType name="ns12:Box_Content_API_PortType" xmlns:ns12="https://api.box.com/2.0"/></ns9:role></ns9:partnerLinkType><ns9:partnerLinkType name="Box_Upload_API_PortTypeConsumer"><ns9:role name="Consumer"><ns9:portType name="ns12:Box_Upload_API_PortType" xmlns:ns12="https://upload.box.com/api/2.0/"/></ns9:role></ns9:partnerLinkType><ns9:partnerLinkType name="Google_Auth_API_PortTypeConsumer"><ns9:role name="Consumer"><ns9:portType name="ns12:Google_Auth_API_PortType" xmlns:ns12="https://www.googleapis.com/oauth2/v3"/></ns9:role></ns9:partnerLinkType><ns9:partnerLinkType name="Google_Sheets_API_PortTypeConsumer"><ns9:role name="Consumer"><ns9:portType name="ns12:Google_Sheets_API_PortType" xmlns:ns12="https://spreadsheets.google.com/feeds"/></ns9:role></ns9:partnerLinkType><ns9:partnerLinkType name="Google_Sheets_API_Hook_PortTypeConsumer"><ns9:role name="Consumer"><ns9:portType name="ns12:Google_Sheets_API_Hook_PortType" xmlns:ns12="https://spreadsheets.google.com/feeds"/></ns9:role></ns9:partnerLinkType><ns9:partnerLinkType name="context.io_API_Hook_PortTypeConsumer"><ns9:role name="Consumer"><ns9:portType name="ns12:context.io_API_Hook_PortType" xmlns:ns12="https://api.context.io/lite"/></ns9:role></ns9:partnerLinkType><partnerLinks><partnerLink myRole="Consumer" name="Activity" partnerLinkType="ns12:ActivityPortTypeConsumer" xmlns:ns12="http://soa.com/processs"/><partnerLink myRole="Consumer" name="SalesforceAuthentication_PortTypePartnerLink" partnerLinkType="ns12:SalesforceAuthentication_PortTypeConsumer" xmlns:ns12="http://soa.com/processs"/><partnerLink myRole="Consumer" name="SalesforceV20_API_PortTypePartnerLink" partnerLinkType="ns12:SalesforceV20_API_PortTypeConsumer" xmlns:ns12="http://soa.com/processs"/><partnerLink myRole="Consumer" name="Box_Content_API_PortTypePartnerLink" partnerLinkType="ns12:Box_Content_API_PortTypeConsumer" xmlns:ns12="http://soa.com/processs"/><partnerLink myRole="Consumer" name="Box_Upload_API_PortTypePartnerLink" partnerLinkType="ns12:Box_Upload_API_PortTypeConsumer" xmlns:ns12="http://soa.com/processs"/><partnerLink myRole="Consumer" name="Google_Auth_API_PortTypePartnerLink" partnerLinkType="ns12:Google_Auth_API_PortTypeConsumer" xmlns:ns12="http://soa.com/processs"/><partnerLink myRole="Consumer" name="Google_Sheets_API_PortTypePartnerLink" partnerLinkType="ns12:Google_Sheets_API_PortTypeConsumer" xmlns:ns12="http://soa.com/processs"/><partnerLink myRole="Consumer" name="Google_Sheets_API_Hook_PortTypePartnerLink" partnerLinkType="ns12:Google_Sheets_API_Hook_PortTypeConsumer" xmlns:ns12="http://soa.com/processs"/><partnerLink myRole="Consumer" name="context.io_API_Hook_PortTypePartnerLink" partnerLinkType="ns12:context.io_API_Hook_PortTypeConsumer" xmlns:ns12="http://soa.com/processs"/></partnerLinks><variables><variable messageType="ns12:ActivityMessage" name="message" xmlns:ns12="http://soa.com/process/activity"/><variable messageType="ns12:ActivityMessage" name="fault" xmlns:ns12="http://soa.com/process/activity"/><variable messageType="ns12:ActivityMessage" name="EmailResponse" xmlns:ns12="http://soa.com/process/activity"/><variable messageType="ns12:ActivityMessage" name="EmailRequest" xmlns:ns12="http://soa.com/process/activity"/></variables><sequence><invoke inputVariable="message" name="CreateRequest" operation="invoke" outputVariable="message" partnerLink="Activity" portType="ns10:ActivityPortType"><ns2:InvocationExt endpoint="CreateRequest" propagateExchange="true" service="ns10:ActivityService"/></invoke><invoke inputVariable="EmailRequest" name="getEmailList" operation="GET__users__id__email_accounts__label__folders__folder__messages" outputVariable="EmailResponse" partnerLink="context.io_API_Hook_PortTypePartnerLink" portType="ns12:context.io_API_Hook_PortType" xmlns:ns12="https://api.context.io/lite"><ns2:InvocationExt service="ns12:context.io_API_Hook"><ns2:Audit/></ns2:InvocationExt></invoke><invoke inputVariable="message" name="SaveEmailKey" operation="invoke" outputVariable="message" partnerLink="Activity" portType="ns10:ActivityPortType"><ns2:InvocationExt endpoint="SaveEmailKey" propagateExchange="true" service="ns10:ActivityService"/></invoke></sequence></process>