<?xml version="1.0" encoding="UTF-8"?>
<process name="SalesForceOAuth" ns11:description="make call to context.io to get list of email accounts the user owns" ns11:name="GetEmailAccountListRequest" ns11:orgKey="uddi:6e72f0d1-d2a9-11e4-8003-a8d0c27338fa" ns2:processKey="bpel:1d3c6d77-d2aa-11e4-8003-a8d0c27338fa" targetNamespace="http://soa.com/processs" xmlns="http://schemas.xmlsoap.org/ws/2003/03/business-process/" xmlns:ns10="http://soa.com/capabilities/service/virtualization/bpel/activity" xmlns:ns11="http://soa.com/bpel/export" xmlns:ns2="http://soa.com/bpel/ext" xmlns:ns3="http://soa.com/capabilities/service/virtualization/bpel" xmlns:ns4="http://schemas.xmlsoap.org/ws/2006/02/addressingidentity" xmlns:ns5="http://www.w3.org/2000/09/xmldsig#" xmlns:ns6="http://docs.oasis-open.org/wss/2004/01/oasis-200401-wss-wssecurity-secext-1.0.xsd" xmlns:ns7="http://docs.oasis-open.org/wss/2004/01/oasis-200401-wss-wssecurity-utility-1.0.xsd" xmlns:ns8="http://schemas.xmlsoap.org/ws/2004/09/mex" xmlns:ns9="http://schemas.xmlsoap.org/ws/2003/05/partner-link/"><ns9:partnerLinkType name="ActivityPortTypeConsumer"><ns9:role name="Consumer"><ns9:portType name="ns10:ActivityPortType"/></ns9:role></ns9:partnerLinkType><ns10:Activities><ns10:Activity ActivityType="ns12:ScriptedActivity" LastUpdated="1427260302509" Name="CreateRequest" xmlns:ns12="http://soa.com/uri/products/activity/script/xsd/1.0"><ns2:ScriptedActivity xmlns="http://soa.com/uri/products/activity/audit/xsd/1.0" xmlns:ns11="http://soa.com/uri/products/activity/script/xsd/1.0" xmlns:ns2="http://soa.com/uri/products/activity/script/xsd/1.0" xmlns:ns3="http://soa.com/uri/products/activity/stripxml/xsd/1.0" xmlns:ns4="http://soa.com/uri/products/activity/xform/xsd/1.0" xmlns:ns5="http://soa.com/uri/products/activity/process/xsd/1.0" xmlns:ns6="http://soa.com/uri/products/activity/insertxml/xsd/1.0" xmlns:ns7="http://soa.com/uri/products/activity/insertcontent/xsd/1.0"><ns11:Language>js</ns11:Language><ns11:Script>// *************************************************************
// *************************************************************
// **
// **  Get the List of email accounts in your context.io Account
// **
// **  Get the details of the user used in authz to Context.io
// **  API Hook to get the list of email accounts associated
// **
// *************************************************************
// *************************************************************
auditLog.debug("Start Config Google List Sheets call");

var listRequest = msgFactory.create();

processContext.setVariable("ListRequest", listRequest);

auditLog.debug("Done Configuring Context.io user call");
</ns11:Script><ns11:Import>script:cab432a2-a4f4-11e4-8c33-f78776b6b53c</ns11:Import></ns2:ScriptedActivity></ns10:Activity><ns10:Activity ActivityType="ns12:ScriptedActivity" LastUpdated="1427260302509" Name="SaveEmailAccountKey" xmlns:ns12="http://soa.com/uri/products/activity/script/xsd/1.0"><ns2:ScriptedActivity xmlns="http://soa.com/uri/products/activity/audit/xsd/1.0" xmlns:ns11="http://soa.com/uri/products/activity/script/xsd/1.0" xmlns:ns2="http://soa.com/uri/products/activity/script/xsd/1.0" xmlns:ns3="http://soa.com/uri/products/activity/stripxml/xsd/1.0" xmlns:ns4="http://soa.com/uri/products/activity/xform/xsd/1.0" xmlns:ns5="http://soa.com/uri/products/activity/process/xsd/1.0" xmlns:ns6="http://soa.com/uri/products/activity/insertxml/xsd/1.0" xmlns:ns7="http://soa.com/uri/products/activity/insertcontent/xsd/1.0"><ns11:Language>js</ns11:Language><ns11:Script>// *************************************************************
// *************************************************************
// **
// **  Save the response for later processing
// **
// **
// *************************************************************
// *************************************************************
auditLog.debug("processing the Context.io /user  result");

var msg = processContext.getVariable("ListResponse");

var msgJSON = JSON.parse(msg.getContentAsString());

if (msgJSON != undefined) {
	var entryID = JSON.stringify(msgJSON[0].id);
	entryID = entryID.replace(/["]+/g, '');
	processContext.setVariable("EmailAccountKey", entryID);
	auditLog.debug("the Key is = " + entryID);
}
else {
	processContext.setVariable("EmailAccountKey", 0);
};

auditLog.debug("ending the Context.io /user  result");</ns11:Script></ns2:ScriptedActivity></ns10:Activity></ns10:Activities><ns9:partnerLinkType name="SalesforceAuthentication_PortTypeConsumer"><ns9:role name="Consumer"><ns9:portType name="ns12:SalesforceAuthentication_PortType" xmlns:ns12="https://login.salesforce.com/services/oauth2"/></ns9:role></ns9:partnerLinkType><ns9:partnerLinkType name="SalesforceV20_API_PortTypeConsumer"><ns9:role name="Consumer"><ns9:portType name="ns12:SalesforceV20_API_PortType" xmlns:ns12="https://na4.salesforce.com/services/data/v20.0/"/></ns9:role></ns9:partnerLinkType><ns9:partnerLinkType name="Box_Content_API_PortTypeConsumer"><ns9:role name="Consumer"><ns9:portType name="ns12:Box_Content_API_PortType" xmlns:ns12="https://api.box.com/2.0"/></ns9:role></ns9:partnerLinkType><ns9:partnerLinkType name="Box_Upload_API_PortTypeConsumer"><ns9:role name="Consumer"><ns9:portType name="ns12:Box_Upload_API_PortType" xmlns:ns12="https://upload.box.com/api/2.0/"/></ns9:role></ns9:partnerLinkType><ns9:partnerLinkType name="Google_Auth_API_PortTypeConsumer"><ns9:role name="Consumer"><ns9:portType name="ns12:Google_Auth_API_PortType" xmlns:ns12="https://www.googleapis.com/oauth2/v3"/></ns9:role></ns9:partnerLinkType><ns9:partnerLinkType name="Google_Sheets_API_PortTypeConsumer"><ns9:role name="Consumer"><ns9:portType name="ns12:Google_Sheets_API_PortType" xmlns:ns12="https://spreadsheets.google.com/feeds"/></ns9:role></ns9:partnerLinkType><ns9:partnerLinkType name="Google_Drive_API.raml_PortTypeConsumer"><ns9:role name="Consumer"><ns9:portType name="ns12:Google_Drive_API.raml_PortType" xmlns:ns12="https://www.googleapis.com/drive/v2"/></ns9:role></ns9:partnerLinkType><ns9:partnerLinkType name="Google_Drive_Hook_PortTypeConsumer"><ns9:role name="Consumer"><ns9:portType name="ns12:Google_Drive_Hook_PortType" xmlns:ns12="https://soa.com"/></ns9:role></ns9:partnerLinkType><ns9:partnerLinkType name="context.io_API_Hook_PortTypeConsumer"><ns9:role name="Consumer"><ns9:portType name="ns12:context.io_API_Hook_PortType" xmlns:ns12="https://api.context.io/lite"/></ns9:role></ns9:partnerLinkType><partnerLinks><partnerLink myRole="Consumer" name="Activity" partnerLinkType="ns12:ActivityPortTypeConsumer" xmlns:ns12="http://soa.com/processs"/><partnerLink myRole="Consumer" name="SalesforceAuthentication_PortTypePartnerLink" partnerLinkType="ns12:SalesforceAuthentication_PortTypeConsumer" xmlns:ns12="http://soa.com/processs"/><partnerLink myRole="Consumer" name="SalesforceV20_API_PortTypePartnerLink" partnerLinkType="ns12:SalesforceV20_API_PortTypeConsumer" xmlns:ns12="http://soa.com/processs"/><partnerLink myRole="Consumer" name="Box_Content_API_PortTypePartnerLink" partnerLinkType="ns12:Box_Content_API_PortTypeConsumer" xmlns:ns12="http://soa.com/processs"/><partnerLink myRole="Consumer" name="Box_Upload_API_PortTypePartnerLink" partnerLinkType="ns12:Box_Upload_API_PortTypeConsumer" xmlns:ns12="http://soa.com/processs"/><partnerLink myRole="Consumer" name="Google_Auth_API_PortTypePartnerLink" partnerLinkType="ns12:Google_Auth_API_PortTypeConsumer" xmlns:ns12="http://soa.com/processs"/><partnerLink myRole="Consumer" name="Google_Sheets_API_PortTypePartnerLink" partnerLinkType="ns12:Google_Sheets_API_PortTypeConsumer" xmlns:ns12="http://soa.com/processs"/><partnerLink myRole="Consumer" name="Google_Drive_API.raml_PortTypePartnerLink" partnerLinkType="ns12:Google_Drive_API.raml_PortTypeConsumer" xmlns:ns12="http://soa.com/processs"/><partnerLink myRole="Consumer" name="Google_Drive_Hook_PortTypePartnerLink" partnerLinkType="ns12:Google_Drive_Hook_PortTypeConsumer" xmlns:ns12="http://soa.com/processs"/><partnerLink myRole="Consumer" name="context.io_API_Hook_PortTypePartnerLink" partnerLinkType="ns12:context.io_API_Hook_PortTypeConsumer" xmlns:ns12="http://soa.com/processs"/></partnerLinks><variables><variable messageType="ns12:ActivityMessage" name="message" xmlns:ns12="http://soa.com/process/activity"/><variable messageType="ns12:ActivityMessage" name="fault" xmlns:ns12="http://soa.com/process/activity"/><variable messageType="ns12:ActivityMessage" name="ListResponse" xmlns:ns12="http://soa.com/process/activity"/><variable messageType="ns12:ActivityMessage" name="ListRequest" xmlns:ns12="http://soa.com/process/activity"/></variables><sequence><invoke inputVariable="message" name="CreateRequest" operation="invoke" outputVariable="message" partnerLink="Activity" portType="ns10:ActivityPortType"><ns2:InvocationExt endpoint="CreateRequest" propagateExchange="true" service="ns10:ActivityService"/></invoke><invoke inputVariable="ListRequest" name="GetListofAccounts" operation="GET__users" outputVariable="ListResponse" partnerLink="context.io_API_Hook_PortTypePartnerLink" portType="ns12:context.io_API_Hook_PortType" xmlns:ns12="https://api.context.io/lite"><ns2:InvocationExt service="ns12:context.io_API_Hook"><ns2:Audit/></ns2:InvocationExt></invoke><invoke inputVariable="message" name="SaveEmailAccountKey" operation="invoke" outputVariable="message" partnerLink="Activity" portType="ns10:ActivityPortType"><ns2:InvocationExt endpoint="SaveEmailAccountKey" propagateExchange="true" service="ns10:ActivityService"/></invoke></sequence></process>