<?xml version="1.0" encoding="UTF-8"?>
<ns2:ExportConfiguration xmlns:ns1="http://digev.com/uri/products/Types/xsd/1.0" xmlns:ns10="http://soa.com/uri/products/IdentityAuthorization/xsd/1.0" xmlns:ns11="http://soa.com/uri/products/Policy/xsd/1.0" xmlns:ns12="http://digev.com/uri/products/AlertManager/xsd/1.0" xmlns:ns13="http://soa.com/uri/products/Contracts/xsd/1.0" xmlns:ns14="http://digev.com/uri/products/PolicyManager/xsd/1.0" xmlns:ns15="urn:uddi-org:sub_v3" xmlns:ns2="http://www.soa.com/uri/products/ServiceManagerMigration/xsd/1.0" xmlns:ns3="http://digev.com/uri/products/ManagementServer/xsd/1.0" xmlns:ns4="http://www.soa.com/uri/products/SLAPolicy/xsd/1.0" xmlns:ns5="urn:uddi-org:api_v3" xmlns:ns6="http://www.w3.org/2000/09/xmldsig#" xmlns:ns7="http://soa.com/uri/products/ServiceProperties/1.0" xmlns:ns8="http://soa.com/uri/products/ServiceEndpointProperties/1.0" xmlns:ns9="http://soa.com/uri/products/Organization/xsd/1.0"><ns2:SourceOrganization><ns1:Key>uddi:soa.com:registryorganization</ns1:Key></ns2:SourceOrganization><ns2:ExportObjectConfiguration><ns1:OrganizationKey><ns1:Key>uddi:6e72f0d1-d2a9-11e4-8003-a8d0c27338fa</ns1:Key></ns1:OrganizationKey><ns2:ExportOrganization><ns9:Organization><ns9:OrganizationKey><ns1:Key>uddi:6e72f0d1-d2a9-11e4-8003-a8d0c27338fa</ns1:Key></ns9:OrganizationKey><ns9:ParentKey><ns1:Key>uddi:soa.com:registryorganization</ns1:Key></ns9:ParentKey><ns9:Name>Context.io Lite API Integration</ns9:Name><ns9:Description></ns9:Description><ns9:OrganizationType>Project</ns9:OrganizationType></ns9:Organization><ns5:businessEntity businessKey="uddi:6e72f0d1-d2a9-11e4-8003-a8d0c27338fa"><ns5:name>Context.io Lite API Integration</ns5:name><ns5:categoryBag><ns5:keyedReferenceGroup tModelKey="uddi:soa.com:organization:group"><ns5:keyedReference keyName="Organization type" keyValue="Project" tModelKey="uddi:soa.com:categorization:organizationtype"/></ns5:keyedReferenceGroup></ns5:categoryBag></ns5:businessEntity></ns2:ExportOrganization></ns2:ExportObjectConfiguration><ns2:ExportObjectConfiguration><ns1:ScriptKey><ns1:Key>script:cab432a2-a4f4-11e4-8c33-f78776b6b53c</ns1:Key></ns1:ScriptKey><ns2:ExportScript><ns2:ScriptUri>scripts/script_cab432a2-a4f4-11e4-8c33-f78776b6b53c.xml</ns2:ScriptUri><ns2:Name>Signature</ns2:Name><ns2:Description>uses Java to signed the object passed in, with the method passed in as a parameter</ns2:Description><ns2:ScriptKey>script:cab432a2-a4f4-11e4-8c33-f78776b6b53c</ns2:ScriptKey><ns2:OrganizationKey>uddi:de16dd10-b7c8-11e4-a1d3-e7b0fbac92ac</ns2:OrganizationKey><ns2:Type>js</ns2:Type></ns2:ExportScript></ns2:ExportObjectConfiguration><ns2:ExportObjectConfiguration><ns1:BpelKey><ns1:Key>bpel:edaf4b90-d2b1-11e4-8003-a8d0c27338fa</ns1:Key></ns1:BpelKey><ns2:ExportBpel><ns2:BpelUri>bpels/bpel_edaf4b90-d2b1-11e4-8003-a8d0c27338fa.xml</ns2:BpelUri></ns2:ExportBpel></ns2:ExportObjectConfiguration><ns2:ExportObjectConfiguration><ns1:BpelKey><ns1:Key>bpel:bdf148cf-d2a9-11e4-8003-a8d0c27338fa</ns1:Key></ns1:BpelKey><ns2:ExportBpel><ns2:BpelUri>bpels/bpel_bdf148cf-d2a9-11e4-8003-a8d0c27338fa.xml</ns2:BpelUri></ns2:ExportBpel></ns2:ExportObjectConfiguration><ns2:ExportObjectConfiguration><ns1:BpelKey><ns1:Key>bpel:21ce92c9-e273-11e4-9982-e642e462ff8a</ns1:Key></ns1:BpelKey><ns2:ExportBpel><ns2:BpelUri>bpels/bpel_21ce92c9-e273-11e4-9982-e642e462ff8a.xml</ns2:BpelUri></ns2:ExportBpel></ns2:ExportObjectConfiguration><ns2:ExportObjectConfiguration><ns1:BpelKey><ns1:Key>bpel:49bd1809-d2aa-11e4-8003-a8d0c27338fa</ns1:Key></ns1:BpelKey><ns2:ExportBpel><ns2:BpelUri>bpels/bpel_49bd1809-d2aa-11e4-8003-a8d0c27338fa.xml</ns2:BpelUri></ns2:ExportBpel></ns2:ExportObjectConfiguration><ns2:ExportObjectConfiguration><ns1:BpelKey><ns1:Key>bpel:1d3c6d77-d2aa-11e4-8003-a8d0c27338fa</ns1:Key></ns1:BpelKey><ns2:ExportBpel><ns2:BpelUri>bpels/bpel_1d3c6d77-d2aa-11e4-8003-a8d0c27338fa.xml</ns2:BpelUri></ns2:ExportBpel></ns2:ExportObjectConfiguration><ns2:ExportObjectConfiguration><ns1:BpelKey><ns1:Key>bpel:0033def7-d2aa-11e4-8003-a8d0c27338fa</ns1:Key></ns1:BpelKey><ns2:ExportBpel><ns2:BpelUri>bpels/bpel_0033def7-d2aa-11e4-8003-a8d0c27338fa.xml</ns2:BpelUri></ns2:ExportBpel></ns2:ExportObjectConfiguration><ns2:ExportObjectConfiguration><ns1:InterfaceKey><ns1:Key>uddi:011f64ba-f1fe-651e-3a33-fbdc7ae382e6</ns1:Key><ns1:InterfaceQName>{https://spreadsheets.google.com/feeds}Context.io_API_Integration_PortType</ns1:InterfaceQName></ns1:InterfaceKey><ns2:ExportInterface><ns5:tModel deleted="false" tModelKey="uddi:011f64ba-f1fe-651e-3a33-fbdc7ae382e6"><ns5:name>Context.io_API_Integration_PortType</ns5:name><ns5:categoryBag><ns5:keyedReference keyName="WSDL type" keyValue="portType" tModelKey="uddi:uddi.org:wsdl:types"/><ns5:keyedReference keyName="portType namespace" keyValue="https://spreadsheets.google.com/feeds" tModelKey="uddi:uddi.org:xml:namespace"/></ns5:categoryBag></ns5:tModel><ns2:InterfaceWsdlUri>wsdls/uddi_011f64ba-f1fe-651e-3a33-fbdc7ae382e6.wsdl</ns2:InterfaceWsdlUri></ns2:ExportInterface></ns2:ExportObjectConfiguration><ns2:ExportObjectConfiguration><ns1:BindingKey><ns1:Key>uddi:74f03afc-a1ca-6970-5ed1-ee2b7dedbe04</ns1:Key><ns1:BindingQName>{https://spreadsheets.google.com/feeds}Context.io_API_Integration_Binding</ns1:BindingQName><ns1:BindingType>binding.http</ns1:BindingType></ns1:BindingKey><ns2:ExportBinding><ns5:tModel deleted="false" tModelKey="uddi:74f03afc-a1ca-6970-5ed1-ee2b7dedbe04"><ns5:name>Context.io_API_Integration_Binding</ns5:name><ns5:categoryBag><ns5:keyedReference keyName="uddi-org:types" keyValue="wsdlSpec" tModelKey="uddi:uddi.org:categorization:types"/><ns5:keyedReference keyName="portType Reference" keyValue="uddi:011f64ba-f1fe-651e-3a33-fbdc7ae382e6" tModelKey="uddi:uddi.org:wsdl:porttypereference"/><ns5:keyedReference keyName="WSDL type" keyValue="binding" tModelKey="uddi:uddi.org:wsdl:types"/><ns5:keyedReference keyName="binding namespace" keyValue="https://spreadsheets.google.com/feeds" tModelKey="uddi:uddi.org:xml:namespace"/></ns5:categoryBag></ns5:tModel><ns2:BindingWsdlUri>wsdls/uddi_74f03afc-a1ca-6970-5ed1-ee2b7dedbe04.wsdl</ns2:BindingWsdlUri></ns2:ExportBinding></ns2:ExportObjectConfiguration><ns2:ExportObjectConfiguration><ns1:ServiceKey><ns1:Key>uddi:021dc7a1-e273-11e4-9982-e642e462ff8a</ns1:Key><ns1:ServiceQName>{https://spreadsheets.google.com/feeds}Context.io_API_Integration</ns1:ServiceQName></ns1:ServiceKey><ns2:ExportService><ns3:VirtualService BusinessKey="uddi:6e72f0d1-d2a9-11e4-8003-a8d0c27338fa" ServiceKey="uddi:021dc7a1-e273-11e4-9982-e642e462ff8a" WsdlServiceLocalName="Context.io_API_Integration" WsdlTargetNamespaceUrl="https://spreadsheets.google.com/feeds"><ns3:Name>Context.io_API_Integration</ns3:Name><ns3:Description></ns3:Description><ns3:Operations><ns3:LogicalOperation InterfaceName="{https://spreadsheets.google.com/feeds}Context.io_API_Integration_PortType" ManagementState="Enabled" NextHopOperationKey="uddi:ca34cdd3-d1c8-11e4-b66d-a700178dcd61$$${https://api.context.io/lite}context.io_API_Hook_PortType$$$GET__users" NextHopOperationName="GET /users/{id}/email_accounts/{label}/folders/{folder}/messages/{message_id}/body" NextHopServiceKey="uddi:ca34cdd3-d1c8-11e4-b66d-a700178dcd61" NextHopServiceName="context.io_API_Hook" NumOfVirtualizedOperations="0" OperationKey="024e9ba5-e273-11e4-9982-e642e462ff8a" OperationLastUpdatedAt="2015-04-14T06:54:44.510Z" OperationName="GET /mail" PolicyAvailable="true" ServiceKey="uddi:021dc7a1-e273-11e4-9982-e642e462ff8a" WsdlOperationName="GET__mail"><ns3:NextHopOperation InterfaceName="{https://api.context.io/lite}context.io_API_Hook_PortType" OperationKey="caae6acd-d1c8-11e4-b66d-a700178dcd61" OperationLastUpdatedAt="2015-04-14T06:03:32.837Z" OperationName="GET /users/{id}/email_accounts/{label}/folders/{folder}/messages/{message_id}/body" ServiceKey="uddi:ca34cdd3-d1c8-11e4-b66d-a700178dcd61" ServiceName="context.io_API_Hook" WsdlOperationName="GET__users__id__email_accounts__label__folders__folder__messages__message_id__body"/></ns3:LogicalOperation></ns3:Operations></ns3:VirtualService><ns5:businessService businessKey="uddi:6e72f0d1-d2a9-11e4-8003-a8d0c27338fa" serviceKey="uddi:021dc7a1-e273-11e4-9982-e642e462ff8a"><ns5:name>Context.io_API_Integration</ns5:name><ns5:bindingTemplates><ns5:bindingTemplate bindingKey="uddi:02672cb8-e273-11e4-9982-e642e462ff8a" serviceKey="uddi:021dc7a1-e273-11e4-9982-e642e462ff8a"><ns5:accessPoint useType="endPoint">http://win7-64-vm:80/contextio_int</ns5:accessPoint><ns5:tModelInstanceDetails><ns5:tModelInstanceInfo tModelKey="uddi:74f03afc-a1ca-6970-5ed1-ee2b7dedbe04"><ns5:description>The wsdl:binding that this wsdl:port implements. The instanceParms specifies the port local name.</ns5:description><ns5:instanceDetails><ns5:instanceParms>HTTP</ns5:instanceParms></ns5:instanceDetails></ns5:tModelInstanceInfo><ns5:tModelInstanceInfo tModelKey="uddi:011f64ba-f1fe-651e-3a33-fbdc7ae382e6"><ns5:description>The wsdl:portType that this wsdl:port implements.</ns5:description></ns5:tModelInstanceInfo></ns5:tModelInstanceDetails><ns5:categoryBag><ns5:keyedReference keyName="WSDL type" keyValue="port" tModelKey="uddi:uddi.org:wsdl:types"/><ns5:keyedReferenceGroup tModelKey="uddi:soa.com:serviceendpoint:group"><ns5:keyedReference keyName="containerKey" keyValue="ND-Cluster" tModelKey="uddi:soa.com:serviceendpoint:containername"/><ns5:keyedReference keyName="listenerName" keyValue="default-http0" tModelKey="uddi:soa.com:serviceendpoint:listenername"/></ns5:keyedReferenceGroup></ns5:categoryBag></ns5:bindingTemplate></ns5:bindingTemplates><ns5:categoryBag><ns5:keyedReference keyName="Managed Service" keyValue="Managed Service" tModelKey="uddi:digev.com:categorization:services"/><ns5:keyedReference keyName="Virtual Service" keyValue="Virtual Service" tModelKey="uddi:digev.com:categorization:services"/><ns5:keyedReference keyName="Design" keyValue="Design" tModelKey="uddi:soa.com:servicelifecyclestage"/><ns5:keyedReference keyName="WSDL type" keyValue="service" tModelKey="uddi:uddi.org:wsdl:types"/><ns5:keyedReference keyName="service local name" keyValue="Context.io_API_Integration" tModelKey="uddi:uddi.org:xml:localname"/><ns5:keyedReference keyName="service namespace" keyValue="https://spreadsheets.google.com/feeds" tModelKey="uddi:uddi.org:xml:namespace"/><ns5:keyedReferenceGroup tModelKey="uddi:soa.com:service:group"/></ns5:categoryBag></ns5:businessService><ns2:ExportServiceEndpoint><ns8:ServiceEndpoint><ns8:ServiceKey>uddi:021dc7a1-e273-11e4-9982-e642e462ff8a</ns8:ServiceKey><ns8:Name>uddi:02672cb8-e273-11e4-9982-e642e462ff8a</ns8:Name><ns8:Description></ns8:Description><ns8:Url>http://win7-64-vm:80/contextio_int</ns8:Url><ns8:BindingQName>{https://spreadsheets.google.com/feeds}Context.io_API_Integration_Binding</ns8:BindingQName><ns8:PortName>HTTP</ns8:PortName><ns8:Protocol>http</ns8:Protocol><ns8:ContainerKey>ND-Cluster</ns8:ContainerKey><ns8:ListenerName>default-http0</ns8:ListenerName></ns8:ServiceEndpoint><ns2:EndpointWsdlUri>wsdls/uddi_02672cb8-e273-11e4-9982-e642e462ff8a.wsdl</ns2:EndpointWsdlUri></ns2:ExportServiceEndpoint><ns2:BpelUri>services/uddi_021dc7a1-e273-11e4-9982-e642e462ff8a/bpel.xml</ns2:BpelUri></ns2:ExportService></ns2:ExportObjectConfiguration><ns2:ExportObjectConfiguration><ns1:ContractKey><ns1:Key>5ff0fe49-d2aa-11e4-8003-a8d0c27338fa</ns1:Key></ns1:ContractKey><ns2:ExportContract><ns13:Contract><ns13:ContractInfo Anonymous="true" Key="5ff0fe49-d2aa-11e4-8003-a8d0c27338fa:1201" Name="Anonymous" State="Activated"><ns13:Description></ns13:Description><ns13:ProviderOrganizationKey>uddi:6e72f0d1-d2a9-11e4-8003-a8d0c27338fa</ns13:ProviderOrganizationKey><ns1:EffectiveDateTimes><ns1:StartDateTime><ns1:DateTime>2015-03-25T15:49:00+11:00</ns1:DateTime><ns1:TimezoneName>Australia/Sydney</ns1:TimezoneName></ns1:StartDateTime><ns1:EndDateTime><ns1:DateTime>2016-03-24T15:49:00+11:00</ns1:DateTime><ns1:TimezoneName>Australia/Sydney</ns1:TimezoneName></ns1:EndDateTime><ns1:Expire>false</ns1:Expire></ns1:EffectiveDateTimes><ns13:ContractVersionInfo><ns13:LastModifiedTimestamp>2015-03-25+11:00</ns13:LastModifiedTimestamp><ns13:User>Local Domain\administrator</ns13:User><ns13:MetadataVersion>1</ns13:MetadataVersion><ns13:ActiveMetadataVersion>1</ns13:ActiveMetadataVersion></ns13:ContractVersionInfo><ns13:ContractType>service.contract</ns13:ContractType></ns13:ContractInfo><ns13:ContractScope><ns1:OrganizationKey>uddi:6e72f0d1-d2a9-11e4-8003-a8d0c27338fa</ns1:OrganizationKey></ns13:ContractScope></ns13:Contract></ns2:ExportContract></ns2:ExportObjectConfiguration><ns2:ExportObjectConfiguration><ns1:IdentityKey><ns1:Key>Local Domain\mfhux24+DDNHJtw5SxAUuQ==</ns1:Key><ns1:DomainName>Local Domain</ns1:DomainName><ns1:UserName>mfhux24+DDNHJtw5SxAUuQ==</ns1:UserName></ns1:IdentityKey><ns2:ExportUserIdentity><ns14:User DomainName="Local Domain" UserName="mfhux24+DDNHJtw5SxAUuQ=="><ns14:FullName>Service: uddi:021dc7a1-e273-11e4-9982-e642e462ff8a</ns14:FullName><ns14:IdentityKey>urn:uuid:021f9c62-e273-11e4-9982-e642e462ff8a</ns14:IdentityKey><ns14:Password>yZOeOUrmpc4o7S7xdHSlcT6tvg2ciHNUGZjxBUOvHNDfDpA97IwR0OquBuWNXx40RTglroK4zFZaf7N+Osrtdw==</ns14:Password><ns14:Disabled>false</ns14:Disabled><ns14:ForcePwdResetOnNextLogin>false</ns14:ForcePwdResetOnNextLogin><ns14:Expired>false</ns14:Expired><ns14:ReadOnly>true</ns14:ReadOnly><ns14:PasswordFrmSeed>0</ns14:PasswordFrmSeed><ns14:OrganizationKey>uddi:soa.com:registryorganization</ns14:OrganizationKey><ns14:PasswordSalt>2TL3x4u89y55/pi5mdSjS3j1Ud3HBLAsdhr43E6Ezqyy3nOkQ9p4cmkgR+1+zXLWTndgR7qw8swQ2SZgzze29A==</ns14:PasswordSalt></ns14:User><ns2:PKIGenerated>true</ns2:PKIGenerated></ns2:ExportUserIdentity></ns2:ExportObjectConfiguration></ns2:ExportConfiguration>