<?xml version="1.0" encoding="UTF-8"?>
<DepedendencyGraph version="1.1"><Nodes><Node type="urn:com:soa:ObjectKey"><ObjectKey class="com.soa.service.model.ServiceKey">uddi:a656f4b1-d2a9-11e4-8003-a8d0c27338fa</ObjectKey><property class="java.lang.String" name="_NAME_" type="urn:com:soa:SimpleProperty">Context.io_API_Integration</property></Node><Node type="urn:com:soa:ObjectKey"><ObjectKey class="com.soa.service.operation.model.BindingOperationQualifiedKey">{https://spreadsheets.google.com/feeds}Context.io_API_Integration$$${https://spreadsheets.google.com/feeds}Context.io_API_Integration_Binding$$$GET__mail</ObjectKey></Node><Node type="urn:com:soa:ObjectKey"><ObjectKey class="com.soa.svccontainer.ContainerKey">ND-Cluster</ObjectKey><property class="java.lang.String" name="_NAME_" type="urn:com:soa:SimpleProperty">ND-Cluster</property></Node><Node type="urn:com:soa:ObjectKey"><ObjectKey class="com.soa.wsdl.model.impl.WsdlBindingImpl">uddi:74f03afc-a1ca-6970-5ed1-ee2b7dedbe04</ObjectKey><property class="java.lang.String" name="_NAME_" type="urn:com:soa:SimpleProperty">{https://spreadsheets.google.com/feeds}Context.io_API_Integration_Binding</property></Node><Node type="urn:com:soa:ObjectKey"><ObjectKey class="com.soa.contracts.ContractKey">5ff0fe49-d2aa-11e4-8003-a8d0c27338fa:1201</ObjectKey><property class="java.lang.String" name="_NAME_" type="urn:com:soa:SimpleProperty">Anonymous</property></Node><Node type="urn:com:soa:ObjectKey"><ObjectKey class="com.soa.service.endpoint.EndpointKey">uddi:a6a00ba8-d2a9-11e4-8003-a8d0c27338fa</ObjectKey></Node><Node type="urn:com:soa:ObjectKey"><ObjectKey class="com.soa.bpel.BpelKey">bpel:edaf4b90-d2b1-11e4-8003-a8d0c27338fa</ObjectKey><property class="java.lang.String" name="_NAME_" type="urn:com:soa:SimpleProperty">GetEmailContentRequest</property></Node><Node type="urn:com:soa:ObjectKey"><ObjectKey class="com.soa.bpel.BpelKey">bpel:d5ddb47a-d2a9-11e4-8003-a8d0c27338fa</ObjectKey></Node><Node type="urn:com:soa:ObjectKey"><ObjectKey class="com.soa.service.operation.model.OperationKey">a6883de5-d2a9-11e4-8003-a8d0c27338fa</ObjectKey></Node><Node type="urn:com:soa:ObjectKey"><ObjectKey class="com.soa.bpel.BpelKey">bpel:bdf148cf-d2a9-11e4-8003-a8d0c27338fa</ObjectKey><property class="java.lang.String" name="_NAME_" type="urn:com:soa:SimpleProperty">MainProcess</property></Node><Node type="urn:com:soa:ObjectKey"><ObjectKey class="com.soa.policy.config.model.PolicyKey">DetailedAuditing</ObjectKey><property class="java.lang.String" name="_NAME_" type="urn:com:soa:SimpleProperty">DetailedAuditing</property></Node><Node type="urn:com:soa:ObjectKey"><ObjectKey class="com.soa.bpel.BpelKey">bpel:49bd1809-d2aa-11e4-8003-a8d0c27338fa</ObjectKey><property class="java.lang.String" name="_NAME_" type="urn:com:soa:SimpleProperty">GetEmailListRequest</property></Node><Node type="urn:com:soa:ObjectKey"><ObjectKey class="com.soa.scripts.ScriptKey">script:cab432a2-a4f4-11e4-8c33-f78776b6b53c</ObjectKey><property class="java.lang.String" name="_NAME_" type="urn:com:soa:SimpleProperty">Signature</property></Node><Node type="urn:com:soa:ObjectKey"><ObjectKey class="com.soa.security.util.QualifiedUserName">Local Domain\dhpK5IWkwMtk65RuhJsG9Q==</ObjectKey></Node><Node type="urn:com:soa:ObjectKey"><ObjectKey class="com.soa.bpel.BpelKey">bpel:1d3c6d77-d2aa-11e4-8003-a8d0c27338fa</ObjectKey><property class="java.lang.String" name="_NAME_" type="urn:com:soa:SimpleProperty">GetEmailAccountListRequest</property></Node><Node type="urn:com:soa:ObjectKey"><ObjectKey class="com.soa.organization.model.OrganizationKey">uddi:6e72f0d1-d2a9-11e4-8003-a8d0c27338fa</ObjectKey><property class="java.lang.String" name="_NAME_" type="urn:com:soa:SimpleProperty">Context.io Lite API Integration</property></Node><Node type="urn:com:soa:ObjectKey"><ObjectKey class="com.soa.bpel.BpelKey">bpel:0033def7-d2aa-11e4-8003-a8d0c27338fa</ObjectKey><property class="java.lang.String" name="_NAME_" type="urn:com:soa:SimpleProperty">GetFolderListRequest</property></Node><Node type="urn:com:soa:ObjectKey"><ObjectKey class="com.soa.wsdl.model.impl.WsdlInterfaceImpl">uddi:011f64ba-f1fe-651e-3a33-fbdc7ae382e6</ObjectKey><property class="java.lang.String" name="_NAME_" type="urn:com:soa:SimpleProperty">{https://spreadsheets.google.com/feeds}Context.io_API_Integration_PortType</property></Node></Nodes><Links><Link type="process->organization:refer"><From><Node type="urn:com:soa:ObjectKey"><ObjectKey class="com.soa.bpel.BpelKey">bpel:1d3c6d77-d2aa-11e4-8003-a8d0c27338fa</ObjectKey></Node></From><To><Node type="urn:com:soa:ObjectKey"><ObjectKey class="com.soa.organization.model.OrganizationKey">uddi:6e72f0d1-d2a9-11e4-8003-a8d0c27338fa</ObjectKey></Node></To></Link><Link type="service->bndoperation:child"><From><Node type="urn:com:soa:ObjectKey"><ObjectKey class="com.soa.service.model.ServiceKey">uddi:a656f4b1-d2a9-11e4-8003-a8d0c27338fa</ObjectKey></Node></From><To><Node type="urn:com:soa:ObjectKey"><ObjectKey class="com.soa.service.operation.model.BindingOperationQualifiedKey">{https://spreadsheets.google.com/feeds}Context.io_API_Integration$$${https://spreadsheets.google.com/feeds}Context.io_API_Integration_Binding$$$GET__mail</ObjectKey></Node></To></Link><Link type="organization->process:ReferedBy"><From><Node type="urn:com:soa:ObjectKey"><ObjectKey class="com.soa.organization.model.OrganizationKey">uddi:6e72f0d1-d2a9-11e4-8003-a8d0c27338fa</ObjectKey></Node></From><To><Node type="urn:com:soa:ObjectKey"><ObjectKey class="com.soa.bpel.BpelKey">bpel:edaf4b90-d2b1-11e4-8003-a8d0c27338fa</ObjectKey></Node></To></Link><Link type="operationalpolicy->service:refer"><From><Node type="urn:com:soa:ObjectKey"><ObjectKey class="com.soa.policy.config.model.PolicyKey">DetailedAuditing</ObjectKey></Node></From><To><Node type="urn:com:soa:ObjectKey"><ObjectKey class="com.soa.service.model.ServiceKey">uddi:a656f4b1-d2a9-11e4-8003-a8d0c27338fa</ObjectKey></Node></To></Link><Link type="process->organization:refer"><From><Node type="urn:com:soa:ObjectKey"><ObjectKey class="com.soa.bpel.BpelKey">bpel:49bd1809-d2aa-11e4-8003-a8d0c27338fa</ObjectKey></Node></From><To><Node type="urn:com:soa:ObjectKey"><ObjectKey class="com.soa.organization.model.OrganizationKey">uddi:6e72f0d1-d2a9-11e4-8003-a8d0c27338fa</ObjectKey></Node></To></Link><Link type="service->interface:ImplementedBy"><From><Node type="urn:com:soa:ObjectKey"><ObjectKey class="com.soa.service.model.ServiceKey">uddi:a656f4b1-d2a9-11e4-8003-a8d0c27338fa</ObjectKey></Node></From><To><Node type="urn:com:soa:ObjectKey"><ObjectKey class="com.soa.wsdl.model.impl.WsdlInterfaceImpl">uddi:011f64ba-f1fe-651e-3a33-fbdc7ae382e6</ObjectKey></Node></To></Link><Link type="bpel->script:refer"><From><Node type="urn:com:soa:ObjectKey"><ObjectKey class="com.soa.bpel.BpelKey">bpel:edaf4b90-d2b1-11e4-8003-a8d0c27338fa</ObjectKey></Node></From><To><Node type="urn:com:soa:ObjectKey"><ObjectKey class="com.soa.scripts.ScriptKey">script:cab432a2-a4f4-11e4-8c33-f78776b6b53c</ObjectKey></Node></To></Link><Link type="bpel->script:refer"><From><Node type="urn:com:soa:ObjectKey"><ObjectKey class="com.soa.bpel.BpelKey">bpel:49bd1809-d2aa-11e4-8003-a8d0c27338fa</ObjectKey></Node></From><To><Node type="urn:com:soa:ObjectKey"><ObjectKey class="com.soa.scripts.ScriptKey">script:cab432a2-a4f4-11e4-8c33-f78776b6b53c</ObjectKey></Node></To></Link><Link type="interface->binding:implements"><From><Node type="urn:com:soa:ObjectKey"><ObjectKey class="com.soa.wsdl.model.impl.WsdlInterfaceImpl">uddi:011f64ba-f1fe-651e-3a33-fbdc7ae382e6</ObjectKey></Node></From><To><Node type="urn:com:soa:ObjectKey"><ObjectKey class="com.soa.wsdl.model.impl.WsdlBindingImpl">uddi:74f03afc-a1ca-6970-5ed1-ee2b7dedbe04</ObjectKey></Node></To></Link><Link type="organization->process:ReferedBy"><From><Node type="urn:com:soa:ObjectKey"><ObjectKey class="com.soa.organization.model.OrganizationKey">uddi:6e72f0d1-d2a9-11e4-8003-a8d0c27338fa</ObjectKey></Node></From><To><Node type="urn:com:soa:ObjectKey"><ObjectKey class="com.soa.bpel.BpelKey">bpel:1d3c6d77-d2aa-11e4-8003-a8d0c27338fa</ObjectKey></Node></To></Link><Link type="binding->service:implements"><From><Node type="urn:com:soa:ObjectKey"><ObjectKey class="com.soa.wsdl.model.impl.WsdlBindingImpl">uddi:74f03afc-a1ca-6970-5ed1-ee2b7dedbe04</ObjectKey></Node></From><To><Node type="urn:com:soa:ObjectKey"><ObjectKey class="com.soa.service.model.ServiceKey">uddi:a656f4b1-d2a9-11e4-8003-a8d0c27338fa</ObjectKey></Node></To></Link><Link type="process->organization:refer"><From><Node type="urn:com:soa:ObjectKey"><ObjectKey class="com.soa.bpel.BpelKey">bpel:edaf4b90-d2b1-11e4-8003-a8d0c27338fa</ObjectKey></Node></From><To><Node type="urn:com:soa:ObjectKey"><ObjectKey class="com.soa.organization.model.OrganizationKey">uddi:6e72f0d1-d2a9-11e4-8003-a8d0c27338fa</ObjectKey></Node></To></Link><Link type="container->service:HostedBy"><From><Node type="urn:com:soa:ObjectKey"><ObjectKey class="com.soa.svccontainer.ContainerKey">ND-Cluster</ObjectKey></Node></From><To><Node type="urn:com:soa:ObjectKey"><ObjectKey class="com.soa.service.model.ServiceKey">uddi:a656f4b1-d2a9-11e4-8003-a8d0c27338fa</ObjectKey></Node></To></Link><Link type="binding->interface:ImplementedBy"><From><Node type="urn:com:soa:ObjectKey"><ObjectKey class="com.soa.wsdl.model.impl.WsdlBindingImpl">uddi:74f03afc-a1ca-6970-5ed1-ee2b7dedbe04</ObjectKey></Node></From><To><Node type="urn:com:soa:ObjectKey"><ObjectKey class="com.soa.wsdl.model.impl.WsdlInterfaceImpl">uddi:011f64ba-f1fe-651e-3a33-fbdc7ae382e6</ObjectKey></Node></To></Link><Link type="bpel->script:refer"><From><Node type="urn:com:soa:ObjectKey"><ObjectKey class="com.soa.bpel.BpelKey">bpel:1d3c6d77-d2aa-11e4-8003-a8d0c27338fa</ObjectKey></Node></From><To><Node type="urn:com:soa:ObjectKey"><ObjectKey class="com.soa.scripts.ScriptKey">script:cab432a2-a4f4-11e4-8c33-f78776b6b53c</ObjectKey></Node></To></Link><Link type="endpoint->service:parent"><From><Node type="urn:com:soa:ObjectKey"><ObjectKey class="com.soa.service.endpoint.EndpointKey">uddi:a6a00ba8-d2a9-11e4-8003-a8d0c27338fa</ObjectKey></Node></From><To><Node type="urn:com:soa:ObjectKey"><ObjectKey class="com.soa.service.model.ServiceKey">uddi:a656f4b1-d2a9-11e4-8003-a8d0c27338fa</ObjectKey></Node></To></Link><Link type="organization->process:ReferedBy"><From><Node type="urn:com:soa:ObjectKey"><ObjectKey class="com.soa.organization.model.OrganizationKey">uddi:6e72f0d1-d2a9-11e4-8003-a8d0c27338fa</ObjectKey></Node></From><To><Node type="urn:com:soa:ObjectKey"><ObjectKey class="com.soa.bpel.BpelKey">bpel:49bd1809-d2aa-11e4-8003-a8d0c27338fa</ObjectKey></Node></To></Link><Link type="bndoperation->service:parent"><From><Node type="urn:com:soa:ObjectKey"><ObjectKey class="com.soa.service.operation.model.BindingOperationQualifiedKey">{https://spreadsheets.google.com/feeds}Context.io_API_Integration$$${https://spreadsheets.google.com/feeds}Context.io_API_Integration_Binding$$$GET__mail</ObjectKey></Node></From><To><Node type="urn:com:soa:ObjectKey"><ObjectKey class="com.soa.service.model.ServiceKey">uddi:a656f4b1-d2a9-11e4-8003-a8d0c27338fa</ObjectKey></Node></To></Link><Link type="process->organization:refer"><From><Node type="urn:com:soa:ObjectKey"><ObjectKey class="com.soa.bpel.BpelKey">bpel:0033def7-d2aa-11e4-8003-a8d0c27338fa</ObjectKey></Node></From><To><Node type="urn:com:soa:ObjectKey"><ObjectKey class="com.soa.organization.model.OrganizationKey">uddi:6e72f0d1-d2a9-11e4-8003-a8d0c27338fa</ObjectKey></Node></To></Link><Link type="org->contract:refer"><From><Node type="urn:com:soa:ObjectKey"><ObjectKey class="com.soa.organization.model.OrganizationKey">uddi:6e72f0d1-d2a9-11e4-8003-a8d0c27338fa</ObjectKey></Node></From><To><Node type="urn:com:soa:ObjectKey"><ObjectKey class="com.soa.contracts.ContractKey">5ff0fe49-d2aa-11e4-8003-a8d0c27338fa:1201</ObjectKey></Node></To></Link><Link type="organization->process:ReferedBy"><From><Node type="urn:com:soa:ObjectKey"><ObjectKey class="com.soa.organization.model.OrganizationKey">uddi:6e72f0d1-d2a9-11e4-8003-a8d0c27338fa</ObjectKey></Node></From><To><Node type="urn:com:soa:ObjectKey"><ObjectKey class="com.soa.bpel.BpelKey">bpel:bdf148cf-d2a9-11e4-8003-a8d0c27338fa</ObjectKey></Node></To></Link><Link type="service->container:Hosts"><From><Node type="urn:com:soa:ObjectKey"><ObjectKey class="com.soa.service.model.ServiceKey">uddi:a656f4b1-d2a9-11e4-8003-a8d0c27338fa</ObjectKey></Node></From><To><Node type="urn:com:soa:ObjectKey"><ObjectKey class="com.soa.svccontainer.ContainerKey">ND-Cluster</ObjectKey></Node></To></Link><Link type="process->process:refer"><From><Node type="urn:com:soa:ObjectKey"><ObjectKey class="com.soa.bpel.BpelKey">bpel:d5ddb47a-d2a9-11e4-8003-a8d0c27338fa</ObjectKey></Node></From><To><Node type="urn:com:soa:ObjectKey"><ObjectKey class="com.soa.bpel.BpelKey">bpel:bdf148cf-d2a9-11e4-8003-a8d0c27338fa</ObjectKey></Node></To></Link><Link type="process->organization:refer"><From><Node type="urn:com:soa:ObjectKey"><ObjectKey class="com.soa.bpel.BpelKey">bpel:bdf148cf-d2a9-11e4-8003-a8d0c27338fa</ObjectKey></Node></From><To><Node type="urn:com:soa:ObjectKey"><ObjectKey class="com.soa.organization.model.OrganizationKey">uddi:6e72f0d1-d2a9-11e4-8003-a8d0c27338fa</ObjectKey></Node></To></Link><Link type="virtualop->bpel:route"><From><Node type="urn:com:soa:ObjectKey"><ObjectKey class="com.soa.service.operation.model.OperationKey">a6883de5-d2a9-11e4-8003-a8d0c27338fa</ObjectKey></Node></From><To><Node type="urn:com:soa:ObjectKey"><ObjectKey class="com.soa.bpel.BpelKey">bpel:d5ddb47a-d2a9-11e4-8003-a8d0c27338fa</ObjectKey></Node></To></Link><Link type="operation->service:parent"><From><Node type="urn:com:soa:ObjectKey"><ObjectKey class="com.soa.service.operation.model.OperationKey">a6883de5-d2a9-11e4-8003-a8d0c27338fa</ObjectKey></Node></From><To><Node type="urn:com:soa:ObjectKey"><ObjectKey class="com.soa.service.model.ServiceKey">uddi:a656f4b1-d2a9-11e4-8003-a8d0c27338fa</ObjectKey></Node></To></Link><Link type="organization->process:ReferedBy"><From><Node type="urn:com:soa:ObjectKey"><ObjectKey class="com.soa.organization.model.OrganizationKey">uddi:6e72f0d1-d2a9-11e4-8003-a8d0c27338fa</ObjectKey></Node></From><To><Node type="urn:com:soa:ObjectKey"><ObjectKey class="com.soa.bpel.BpelKey">bpel:0033def7-d2aa-11e4-8003-a8d0c27338fa</ObjectKey></Node></To></Link><Link type="bpel->virtualop:routedBy"><From><Node type="urn:com:soa:ObjectKey"><ObjectKey class="com.soa.bpel.BpelKey">bpel:d5ddb47a-d2a9-11e4-8003-a8d0c27338fa</ObjectKey></Node></From><To><Node type="urn:com:soa:ObjectKey"><ObjectKey class="com.soa.service.operation.model.OperationKey">a6883de5-d2a9-11e4-8003-a8d0c27338fa</ObjectKey></Node></To></Link><Link type="bpel->script:refer"><From><Node type="urn:com:soa:ObjectKey"><ObjectKey class="com.soa.bpel.BpelKey">bpel:0033def7-d2aa-11e4-8003-a8d0c27338fa</ObjectKey></Node></From><To><Node type="urn:com:soa:ObjectKey"><ObjectKey class="com.soa.scripts.ScriptKey">script:cab432a2-a4f4-11e4-8c33-f78776b6b53c</ObjectKey></Node></To></Link><Link type="process->process:ReferedBy"><From><Node type="urn:com:soa:ObjectKey"><ObjectKey class="com.soa.bpel.BpelKey">bpel:bdf148cf-d2a9-11e4-8003-a8d0c27338fa</ObjectKey></Node></From><To><Node type="urn:com:soa:ObjectKey"><ObjectKey class="com.soa.bpel.BpelKey">bpel:d5ddb47a-d2a9-11e4-8003-a8d0c27338fa</ObjectKey></Node></To></Link><Link type="service->binding:ImplementedBy"><From><Node type="urn:com:soa:ObjectKey"><ObjectKey class="com.soa.service.model.ServiceKey">uddi:a656f4b1-d2a9-11e4-8003-a8d0c27338fa</ObjectKey></Node></From><To><Node type="urn:com:soa:ObjectKey"><ObjectKey class="com.soa.wsdl.model.impl.WsdlBindingImpl">uddi:74f03afc-a1ca-6970-5ed1-ee2b7dedbe04</ObjectKey></Node></To></Link><Link type="service->org:parent"><From><Node type="urn:com:soa:ObjectKey"><ObjectKey class="com.soa.service.model.ServiceKey">uddi:a656f4b1-d2a9-11e4-8003-a8d0c27338fa</ObjectKey></Node></From><To><Node type="urn:com:soa:ObjectKey"><ObjectKey class="com.soa.organization.model.OrganizationKey">uddi:6e72f0d1-d2a9-11e4-8003-a8d0c27338fa</ObjectKey></Node></To></Link><Link type="service->identity:refer"><From><Node type="urn:com:soa:ObjectKey"><ObjectKey class="com.soa.service.model.ServiceKey">uddi:a656f4b1-d2a9-11e4-8003-a8d0c27338fa</ObjectKey></Node></From><To><Node type="urn:com:soa:ObjectKey"><ObjectKey class="com.soa.security.util.QualifiedUserName">Local Domain\dhpK5IWkwMtk65RuhJsG9Q==</ObjectKey></Node></To></Link><Link type="identity->service:ReferredBy"><From><Node type="urn:com:soa:ObjectKey"><ObjectKey class="com.soa.security.util.QualifiedUserName">Local Domain\dhpK5IWkwMtk65RuhJsG9Q==</ObjectKey></Node></From><To><Node type="urn:com:soa:ObjectKey"><ObjectKey class="com.soa.service.model.ServiceKey">uddi:a656f4b1-d2a9-11e4-8003-a8d0c27338fa</ObjectKey></Node></To></Link><Link type="org->contract:child"><From><Node type="urn:com:soa:ObjectKey"><ObjectKey class="com.soa.organization.model.OrganizationKey">uddi:6e72f0d1-d2a9-11e4-8003-a8d0c27338fa</ObjectKey></Node></From><To><Node type="urn:com:soa:ObjectKey"><ObjectKey class="com.soa.contracts.ContractKey">5ff0fe49-d2aa-11e4-8003-a8d0c27338fa:1201</ObjectKey></Node></To></Link><Link type="script->bpel:ReferedBy"><From><Node type="urn:com:soa:ObjectKey"><ObjectKey class="com.soa.scripts.ScriptKey">script:cab432a2-a4f4-11e4-8c33-f78776b6b53c</ObjectKey></Node></From><To><Node type="urn:com:soa:ObjectKey"><ObjectKey class="com.soa.bpel.BpelKey">bpel:0033def7-d2aa-11e4-8003-a8d0c27338fa</ObjectKey></Node></To></Link><Link type="contract->org:parent"><From><Node type="urn:com:soa:ObjectKey"><ObjectKey class="com.soa.contracts.ContractKey">5ff0fe49-d2aa-11e4-8003-a8d0c27338fa:1201</ObjectKey></Node></From><To><Node type="urn:com:soa:ObjectKey"><ObjectKey class="com.soa.organization.model.OrganizationKey">uddi:6e72f0d1-d2a9-11e4-8003-a8d0c27338fa</ObjectKey></Node></To></Link><Link type="org->service:child"><From><Node type="urn:com:soa:ObjectKey"><ObjectKey class="com.soa.organization.model.OrganizationKey">uddi:6e72f0d1-d2a9-11e4-8003-a8d0c27338fa</ObjectKey></Node></From><To><Node type="urn:com:soa:ObjectKey"><ObjectKey class="com.soa.service.model.ServiceKey">uddi:a656f4b1-d2a9-11e4-8003-a8d0c27338fa</ObjectKey></Node></To></Link><Link type="process->process:ReferedBy"><From><Node type="urn:com:soa:ObjectKey"><ObjectKey class="com.soa.bpel.BpelKey">bpel:0033def7-d2aa-11e4-8003-a8d0c27338fa</ObjectKey></Node></From><To><Node type="urn:com:soa:ObjectKey"><ObjectKey class="com.soa.bpel.BpelKey">bpel:bdf148cf-d2a9-11e4-8003-a8d0c27338fa</ObjectKey></Node></To></Link><Link type="service->operation:child"><From><Node type="urn:com:soa:ObjectKey"><ObjectKey class="com.soa.service.model.ServiceKey">uddi:a656f4b1-d2a9-11e4-8003-a8d0c27338fa</ObjectKey></Node></From><To><Node type="urn:com:soa:ObjectKey"><ObjectKey class="com.soa.service.operation.model.OperationKey">a6883de5-d2a9-11e4-8003-a8d0c27338fa</ObjectKey></Node></To></Link><Link type="process->process:refer"><From><Node type="urn:com:soa:ObjectKey"><ObjectKey class="com.soa.bpel.BpelKey">bpel:bdf148cf-d2a9-11e4-8003-a8d0c27338fa</ObjectKey></Node></From><To><Node type="urn:com:soa:ObjectKey"><ObjectKey class="com.soa.bpel.BpelKey">bpel:0033def7-d2aa-11e4-8003-a8d0c27338fa</ObjectKey></Node></To></Link><Link type="service->endpoint:child"><From><Node type="urn:com:soa:ObjectKey"><ObjectKey class="com.soa.service.model.ServiceKey">uddi:a656f4b1-d2a9-11e4-8003-a8d0c27338fa</ObjectKey></Node></From><To><Node type="urn:com:soa:ObjectKey"><ObjectKey class="com.soa.service.endpoint.EndpointKey">uddi:a6a00ba8-d2a9-11e4-8003-a8d0c27338fa</ObjectKey></Node></To></Link><Link type="contract->org:ReferredBy"><From><Node type="urn:com:soa:ObjectKey"><ObjectKey class="com.soa.contracts.ContractKey">5ff0fe49-d2aa-11e4-8003-a8d0c27338fa:1201</ObjectKey></Node></From><To><Node type="urn:com:soa:ObjectKey"><ObjectKey class="com.soa.organization.model.OrganizationKey">uddi:6e72f0d1-d2a9-11e4-8003-a8d0c27338fa</ObjectKey></Node></To></Link><Link type="script->bpel:ReferedBy"><From><Node type="urn:com:soa:ObjectKey"><ObjectKey class="com.soa.scripts.ScriptKey">script:cab432a2-a4f4-11e4-8c33-f78776b6b53c</ObjectKey></Node></From><To><Node type="urn:com:soa:ObjectKey"><ObjectKey class="com.soa.bpel.BpelKey">bpel:49bd1809-d2aa-11e4-8003-a8d0c27338fa</ObjectKey></Node></To></Link><Link type="process->process:ReferedBy"><From><Node type="urn:com:soa:ObjectKey"><ObjectKey class="com.soa.bpel.BpelKey">bpel:49bd1809-d2aa-11e4-8003-a8d0c27338fa</ObjectKey></Node></From><To><Node type="urn:com:soa:ObjectKey"><ObjectKey class="com.soa.bpel.BpelKey">bpel:bdf148cf-d2a9-11e4-8003-a8d0c27338fa</ObjectKey></Node></To></Link><Link type="interface->service:implements"><From><Node type="urn:com:soa:ObjectKey"><ObjectKey class="com.soa.wsdl.model.impl.WsdlInterfaceImpl">uddi:011f64ba-f1fe-651e-3a33-fbdc7ae382e6</ObjectKey></Node></From><To><Node type="urn:com:soa:ObjectKey"><ObjectKey class="com.soa.service.model.ServiceKey">uddi:a656f4b1-d2a9-11e4-8003-a8d0c27338fa</ObjectKey></Node></To></Link><Link type="script->bpel:ReferedBy"><From><Node type="urn:com:soa:ObjectKey"><ObjectKey class="com.soa.scripts.ScriptKey">script:cab432a2-a4f4-11e4-8c33-f78776b6b53c</ObjectKey></Node></From><To><Node type="urn:com:soa:ObjectKey"><ObjectKey class="com.soa.bpel.BpelKey">bpel:1d3c6d77-d2aa-11e4-8003-a8d0c27338fa</ObjectKey></Node></To></Link><Link type="process->process:ReferedBy"><From><Node type="urn:com:soa:ObjectKey"><ObjectKey class="com.soa.bpel.BpelKey">bpel:1d3c6d77-d2aa-11e4-8003-a8d0c27338fa</ObjectKey></Node></From><To><Node type="urn:com:soa:ObjectKey"><ObjectKey class="com.soa.bpel.BpelKey">bpel:bdf148cf-d2a9-11e4-8003-a8d0c27338fa</ObjectKey></Node></To></Link><Link type="process->process:refer"><From><Node type="urn:com:soa:ObjectKey"><ObjectKey class="com.soa.bpel.BpelKey">bpel:bdf148cf-d2a9-11e4-8003-a8d0c27338fa</ObjectKey></Node></From><To><Node type="urn:com:soa:ObjectKey"><ObjectKey class="com.soa.bpel.BpelKey">bpel:edaf4b90-d2b1-11e4-8003-a8d0c27338fa</ObjectKey></Node></To></Link><Link type="process->process:refer"><From><Node type="urn:com:soa:ObjectKey"><ObjectKey class="com.soa.bpel.BpelKey">bpel:bdf148cf-d2a9-11e4-8003-a8d0c27338fa</ObjectKey></Node></From><To><Node type="urn:com:soa:ObjectKey"><ObjectKey class="com.soa.bpel.BpelKey">bpel:49bd1809-d2aa-11e4-8003-a8d0c27338fa</ObjectKey></Node></To></Link><Link type="process->process:ReferedBy"><From><Node type="urn:com:soa:ObjectKey"><ObjectKey class="com.soa.bpel.BpelKey">bpel:edaf4b90-d2b1-11e4-8003-a8d0c27338fa</ObjectKey></Node></From><To><Node type="urn:com:soa:ObjectKey"><ObjectKey class="com.soa.bpel.BpelKey">bpel:bdf148cf-d2a9-11e4-8003-a8d0c27338fa</ObjectKey></Node></To></Link><Link type="process->process:refer"><From><Node type="urn:com:soa:ObjectKey"><ObjectKey class="com.soa.bpel.BpelKey">bpel:bdf148cf-d2a9-11e4-8003-a8d0c27338fa</ObjectKey></Node></From><To><Node type="urn:com:soa:ObjectKey"><ObjectKey class="com.soa.bpel.BpelKey">bpel:1d3c6d77-d2aa-11e4-8003-a8d0c27338fa</ObjectKey></Node></To></Link><Link type="script->bpel:ReferedBy"><From><Node type="urn:com:soa:ObjectKey"><ObjectKey class="com.soa.scripts.ScriptKey">script:cab432a2-a4f4-11e4-8c33-f78776b6b53c</ObjectKey></Node></From><To><Node type="urn:com:soa:ObjectKey"><ObjectKey class="com.soa.bpel.BpelKey">bpel:edaf4b90-d2b1-11e4-8003-a8d0c27338fa</ObjectKey></Node></To></Link><Link type="service->operationalpolicy:ReferedBy"><From><Node type="urn:com:soa:ObjectKey"><ObjectKey class="com.soa.service.model.ServiceKey">uddi:a656f4b1-d2a9-11e4-8003-a8d0c27338fa</ObjectKey></Node></From><To><Node type="urn:com:soa:ObjectKey"><ObjectKey class="com.soa.policy.config.model.PolicyKey">DetailedAuditing</ObjectKey></Node></To></Link></Links></DepedendencyGraph>